{"cameraMode":{"drawMode":0,"name":"Shaded","section":"Shading Mode"},"sceneLighting":true,"audioPlay":false,"sceneViewState":{"showFog":true,"showMaterialUpdate":false,"showSkybox":true,"showFlares":true,"showImageEffects":true,"showParticleSystems":true},"in2DMode":false,"pivot":{"x":3.2068512439727785,"y":-1.1238951683044434,"z":50.29872512817383},"rotation":{"x":-0.33840417861938479,"y":0.025289569050073625,"z":-0.009050292894244194,"w":-0.9407312870025635},"size":4.678143501281738,"orthographic":false}