{"cameraMode":{"drawMode":0,"name":"Shaded","section":"Shading Mode"},"sceneLighting":false,"audioPlay":false,"sceneViewState":{"showFog":true,"showMaterialUpdate":false,"showSkybox":false,"showFlares":true,"showImageEffects":true,"showParticleSystems":true},"in2DMode":false,"pivot":{"x":10.29545783996582,"y":2.5638375282287599,"z":75.74846649169922},"rotation":{"x":0.24381768703460694,"y":-0.20828154683113099,"z":0.0537535585463047,"w":0.9457957744598389},"size":4.316154956817627,"orthographic":false}