{"cameraMode":{"drawMode":0,"name":"Shaded","section":"Shading Mode"},"sceneLighting":true,"audioPlay":false,"sceneViewState":{"showFog":true,"showMaterialUpdate":false,"showSkybox":true,"showFlares":true,"showImageEffects":true,"showParticleSystems":true},"in2DMode":false,"pivot":{"x":-14.033998489379883,"y":-5.827827453613281,"z":27.77463150024414},"rotation":{"x":0.3233674466609955,"y":-0.20707100629806519,"z":0.0728091299533844,"w":0.9205976128578186},"size":33.47281265258789,"orthographic":false}