{"cameraMode":{"drawMode":0,"name":"Shaded","section":"Shading Mode"},"sceneLighting":false,"audioPlay":false,"sceneViewState":{"showFog":true,"showMaterialUpdate":false,"showSkybox":false,"showFlares":true,"showImageEffects":true,"showParticleSystems":true},"in2DMode":false,"pivot":{"x":-5.544491767883301,"y":1.2805595397949219,"z":0.8941651582717896},"rotation":{"x":0.2899554669857025,"y":-0.6571457386016846,"z":0.3043578863143921,"w":0.6257892847061157},"size":3.8889262676239015,"orthographic":false}