{"cameraMode":{"drawMode":0,"name":"Shaded","section":"Shading Mode"},"sceneLighting":true,"audioPlay":false,"sceneViewState":{"showFog":true,"showMaterialUpdate":false,"showSkybox":true,"showFlares":true,"showImageEffects":true,"showParticleSystems":true},"in2DMode":false,"pivot":{"x":2.547290802001953,"y":-0.8997516632080078,"z":17.748348236083986},"rotation":{"x":0.3522242605686188,"y":-0.4291156828403473,"z":0.18635080754756928,"w":0.8107463121414185},"size":11.376161575317383,"orthographic":false}