{"cameraMode":{"drawMode":0,"name":"Shaded","section":"Shading Mode"},"sceneLighting":false,"audioPlay":false,"sceneViewState":{"showFog":true,"showMaterialUpdate":false,"showSkybox":false,"showFlares":true,"showImageEffects":true,"showParticleSystems":true},"in2DMode":false,"pivot":{"x":1.5384116172790528,"y":3.518098831176758,"z":2.3006577491760256},"rotation":{"x":0.19306780397891999,"y":-0.6289106011390686,"z":0.16507665812969209,"w":0.7349196076393127},"size":4.388154029846191,"orthographic":false}