{"cameraMode":{"drawMode":0,"name":"Shaded","section":"Shading Mode"},"sceneLighting":false,"audioPlay":false,"sceneViewState":{"showFog":true,"showMaterialUpdate":false,"showSkybox":false,"showFlares":true,"showImageEffects":true,"showParticleSystems":true},"in2DMode":false,"pivot":{"x":-2.5000014305114748,"y":0.44924259185791018,"z":-5.960464477539063e-8},"rotation":{"x":-0.30697888135910036,"y":0.4998708665370941,"z":-0.1951945424079895,"w":-0.7860398888587952},"size":2.546175479888916,"orthographic":false}