{"cameraMode":{"drawMode":0,"name":"Shaded","section":"Shading Mode"},"sceneLighting":true,"audioPlay":false,"sceneViewState":{"showFog":true,"showMaterialUpdate":false,"showSkybox":true,"showFlares":true,"showImageEffects":true,"showParticleSystems":true},"in2DMode":false,"pivot":{"x":0.36709725856781008,"y":2.0308218002319338,"z":1.6886634826660157},"rotation":{"x":-0.348244309425354,"y":0.023054338991642,"z":-0.008567615412175656,"w":-0.9370817542076111},"size":4.818691730499268,"orthographic":false}